{"entities":{"pages":{"How-to":{"id":"How-to","title":"KTP Project","url":"how-to.html","level":0,"tabIndex":0},"Overview":{"id":"Overview","title":"Approach","url":"overview.html","level":0,"tabIndex":1},"Tutorial":{"id":"Tutorial","title":"Project 1","url":"tutorial.html","level":0,"pages":["Overview-of-the-Project"],"tabIndex":2},"Overview-of-the-Project":{"id":"Overview-of-the-Project","title":"Overview of Project 1","url":"overview-of-the-project.html","level":1,"parentId":"Tutorial","tabIndex":0},"Project-2":{"id":"Project-2","title":"Project 2","url":"project-2.html","level":0,"pages":["Overview-of-Project-2"],"tabIndex":3},"Overview-of-Project-2":{"id":"Overview-of-Project-2","title":"Overview of Project 2","url":"overview-of-project-2.html","level":1,"parentId":"Project-2","tabIndex":0},"Project-3":{"id":"Project-3","title":"Project 3","url":"project-3.html","level":0,"tabIndex":4},"Reference":{"id":"Reference","title":"Reference","url":"reference.html","level":0,"tabIndex":5}}},"topLevelIds":["How-to","Overview","Tutorial","Project-2","Project-3","Reference"]}