{"entities":{"pages":{"How-to":{"id":"How-to","title":"KTP Project","url":"how-to.html","level":0,"tabIndex":0},"Overview":{"id":"Overview","title":"Approach","url":"overview.html","level":0,"tabIndex":1},"Tutorial":{"id":"Tutorial","title":"Data Acqusition and Software Automation","url":"tutorial.html","level":0,"pages":["Cut-Record-System","Visual-Lean-counter","Qrts-Age-forecaster","Serial-comm-Talker","Condition-Monitoring","Kill-Floor-Monitor","Overview-of-the-Project"],"tabIndex":2},"Cut-Record-System":{"id":"Cut-Record-System","title":"Cut Record System","url":"cut-record-system.html","level":1,"parentId":"Tutorial","tabIndex":0},"Visual-Lean-counter":{"id":"Visual-Lean-counter","title":"Visual Lean counter","url":"visual-lean-counter.html","level":1,"parentId":"Tutorial","tabIndex":1},"Qrts-Age-forecaster":{"id":"Qrts-Age-forecaster","title":"Qrts Age forecaster","url":"qrts-age-forecaster.html","level":1,"parentId":"Tutorial","tabIndex":2},"Serial-comm-Talker":{"id":"Serial-comm-Talker","title":"Serial comm Talker","url":"serial-comm-talker.html","level":1,"parentId":"Tutorial","tabIndex":3},"Condition-Monitoring":{"id":"Condition-Monitoring","title":"Condition Monitoring","url":"condition-monitoring.html","level":1,"parentId":"Tutorial","tabIndex":4},"Kill-Floor-Monitor":{"id":"Kill-Floor-Monitor","title":"Kill Floor Monitor","url":"kill-floor-monitor.html","level":1,"parentId":"Tutorial","tabIndex":5},"Overview-of-the-Project":{"id":"Overview-of-the-Project","title":"Warehouse Application","url":"overview-of-the-project.html","level":1,"parentId":"Tutorial","tabIndex":6},"Project-2":{"id":"Project-2","title":"Industrial automation","url":"project-2.html","level":0,"pages":["Gousto-Trailer-Automation","Overview-of-Project-2","Bone-Trailer-Waste-Disposal-Automation","End-of-Line-5-Automation"],"tabIndex":3},"Gousto-Trailer-Automation":{"id":"Gousto-Trailer-Automation","title":"Gousto Trailer Automation","url":"gousto-trailer-automation.html","level":1,"parentId":"Project-2","tabIndex":0},"Overview-of-Project-2":{"id":"Overview-of-Project-2","title":"Roast Line Automation","url":"overview-of-project-2.html","level":1,"parentId":"Project-2","tabIndex":1},"Bone-Trailer-Waste-Disposal-Automation":{"id":"Bone-Trailer-Waste-Disposal-Automation","title":"Bone Trailer Waste Disposal Automation","url":"bone-trailer-waste-disposal-automation.html","level":1,"parentId":"Project-2","tabIndex":2},"End-of-Line-5-Automation":{"id":"End-of-Line-5-Automation","title":"End of Line 5 Automation","url":"end-of-line-5-automation.html","level":1,"parentId":"Project-2","tabIndex":3},"Reference":{"id":"Reference","title":"Reference","url":"reference.html","level":0,"tabIndex":4}}},"topLevelIds":["How-to","Overview","Tutorial","Project-2","Reference"]}